EmpID,Name,City,Address,Email
1,Rajesh Kumar,Delhi,Dwarka Sector 10,user1@example.com
2,Anita Sharma,Mumbai,Andheri West,user2@example.com
3,Vikas Gupta,Kolkata,Salt Lake City,user3@example.com
4,Reema Kapoor,Bangalore,Electronic City,user4@example.com
5,Rahul Verma,Chennai,Anna Nagar,user5@example.com
6,Ramesh Gupta,Pune,Shivaji Nagar,user6@example.com
7,Amit Kumar,Ahmedabad,SG Highway,user7@example.com
8,Pooja Mehta,Hyderabad,Hitech City,user8@example.com
9,Sanjay Patel,Delhi,Dwarka Sector 10,user9@example.com
10,Nikhil Rao,Mumbai,Andheri West,user10@example.com
11,Sonali Das,Kolkata,Salt Lake City,user11@example.com
12,Deepak Singh,Bangalore,Electronic City,user12@example.com
13,Swati Jain,Chennai,Anna Nagar,user13@example.com
14,Arjun Malhotra,Pune,Shivaji Nagar,user14@example.com
15,Meera Joshi,Ahmedabad,SG Highway,user15@example.com
16,Kabir Nair,Hyderabad,Hitech City,user16@example.com
17,Tina D'Souza,Delhi,Dwarka Sector 10,user17@example.com
18,Gautam Mishra,Mumbai,Andheri West,user18@example.com
19,Sakshi Bhatia,Kolkata,Salt Lake City,user19@example.com
20,Aditya Tiwari,Bangalore,Electronic City,user20@example.com
21,Rohan Khanna,Chennai,Anna Nagar,user21@example.com
22,Neha Arora,Pune,Shivaji Nagar,user22@example.com
23,Vivek Saxena,Ahmedabad,SG Highway,user23@example.com
24,Priya Menon,Hyderabad,Hitech City,user24@example.com
25,Ashok Yadav,Delhi,Dwarka Sector 10,user25@example.com
26,Siddharth Das,Mumbai,Andheri West,user26@example.com
27,Kiran Bhosale,Kolkata,Salt Lake City,user27@example.com
28,Rajeev Reddy,Bangalore,Electronic City,user28@example.com
29,Sunita Sen,Chennai,Anna Nagar,user29@example.com
30,Dhruv Pandey,Pune,Shivaji Nagar,user30@example.com
31,Rajesh Kumar,Ahmedabad,SG Highway,user31@example.com
32,Anita Sharma,Hyderabad,Hitech City,user32@example.com
33,Vikas Gupta,Delhi,Dwarka Sector 10,user33@example.com
34,Reema Kapoor,Mumbai,Andheri West,user34@example.com
35,Rahul Verma,Kolkata,Salt Lake City,user35@example.com
36,Ramesh Gupta,Bangalore,Electronic City,user36@example.com
37,Amit Kumar,Chennai,Anna Nagar,user37@example.com
38,Pooja Mehta,Pune,Shivaji Nagar,user38@example.com
39,Sanjay Patel,Ahmedabad,SG Highway,user39@example.com
40,Nikhil Rao,Hyderabad,Hitech City,user40@example.com
41,Sonali Das,Delhi,Dwarka Sector 10,user41@example.com
42,Deepak Singh,Mumbai,Andheri West,user42@example.com
43,Swati Jain,Kolkata,Salt Lake City,user43@example.com
44,Arjun Malhotra,Bangalore,Electronic City,user44@example.com
45,Meera Joshi,Chennai,Anna Nagar,user45@example.com
46,Kabir Nair,Pune,Shivaji Nagar,user46@example.com
47,Tina D'Souza,Ahmedabad,SG Highway,user47@example.com
48,Gautam Mishra,Hyderabad,Hitech City,user48@example.com
49,Sakshi Bhatia,Delhi,Dwarka Sector 10,user49@example.com
50,Aditya Tiwari,Mumbai,Andheri West,user50@example.com
51,Rohan Khanna,Kolkata,Salt Lake City,user51@example.com
52,Neha Arora,Bangalore,Electronic City,user52@example.com
53,Vivek Saxena,Chennai,Anna Nagar,user53@example.com
54,Priya Menon,Pune,Shivaji Nagar,user54@example.com
55,Ashok Yadav,Ahmedabad,SG Highway,user55@example.com
56,Siddharth Das,Hyderabad,Hitech City,user56@example.com
57,Kiran Bhosale,Delhi,Dwarka Sector 10,user57@example.com
58,Rajeev Reddy,Mumbai,Andheri West,user58@example.com
59,Sunita Sen,Kolkata,Salt Lake City,user59@example.com
60,Dhruv Pandey,Bangalore,Electronic City,user60@example.com
61,Rajesh Kumar,Chennai,Anna Nagar,user61@example.com
62,Anita Sharma,Pune,Shivaji Nagar,user62@example.com
63,Vikas Gupta,Ahmedabad,SG Highway,user63@example.com
64,Reema Kapoor,Hyderabad,Hitech City,user64@example.com
65,Rahul Verma,Delhi,Dwarka Sector 10,user65@example.com
66,Ramesh Gupta,Mumbai,Andheri West,user66@example.com
67,Amit Kumar,Kolkata,Salt Lake City,user67@example.com
68,Pooja Mehta,Bangalore,Electronic City,user68@example.com
69,Sanjay Patel,Chennai,Anna Nagar,user69@example.com
70,Nikhil Rao,Pune,Shivaji Nagar,user70@example.com
71,Sonali Das,Ahmedabad,SG Highway,user71@example.com
72,Deepak Singh,Hyderabad,Hitech City,user72@example.com
73,Swati Jain,Delhi,Dwarka Sector 10,user73@example.com
74,Arjun Malhotra,Mumbai,Andheri West,user74@example.com
75,Meera Joshi,Kolkata,Salt Lake City,user75@example.com
76,Kabir Nair,Bangalore,Electronic City,user76@example.com
77,Tina D'Souza,Chennai,Anna Nagar,user77@example.com
78,Gautam Mishra,Pune,Shivaji Nagar,user78@example.com
79,Sakshi Bhatia,Ahmedabad,SG Highway,user79@example.com
80,Aditya Tiwari,Hyderabad,Hitech City,user80@example.com
81,Rohan Khanna,Delhi,Dwarka Sector 10,user81@example.com
82,Neha Arora,Mumbai,Andheri West,user82@example.com
83,Vivek Saxena,Kolkata,Salt Lake City,user83@example.com
84,Priya Menon,Bangalore,Electronic City,user84@example.com
85,Ashok Yadav,Chennai,Anna Nagar,user85@example.com
86,Siddharth Das,Pune,Shivaji Nagar,user86@example.com
87,Kiran Bhosale,Ahmedabad,SG Highway,user87@example.com
88,Rajeev Reddy,Hyderabad,Hitech City,user88@example.com
89,Sunita Sen,Delhi,Dwarka Sector 10,user89@example.com
90,Dhruv Pandey,Mumbai,Andheri West,user90@example.com
91,Rajesh Kumar,Kolkata,Salt Lake City,user91@example.com
92,Anita Sharma,Bangalore,Electronic City,user92@example.com
93,Vikas Gupta,Chennai,Anna Nagar,user93@example.com
94,Reema Kapoor,Pune,Shivaji Nagar,user94@example.com
95,Rahul Verma,Ahmedabad,SG Highway,user95@example.com
96,Ramesh Gupta,Hyderabad,Hitech City,user96@example.com
97,Amit Kumar,Delhi,Dwarka Sector 10,user97@example.com
98,Pooja Mehta,Mumbai,Andheri West,user98@example.com
99,Sanjay Patel,Kolkata,Salt Lake City,user99@example.com
100,Nikhil Rao,Bangalore,Electronic City,user100@example.com
101,Sonali Das,Chennai,Anna Nagar,user101@example.com
102,Deepak Singh,Pune,Shivaji Nagar,user102@example.com
103,Swati Jain,Ahmedabad,SG Highway,user103@example.com
104,Arjun Malhotra,Hyderabad,Hitech City,user104@example.com
105,Meera Joshi,Delhi,Dwarka Sector 10,user105@example.com
106,Kabir Nair,Mumbai,Andheri West,user106@example.com
107,Tina D'Souza,Kolkata,Salt Lake City,user107@example.com
108,Gautam Mishra,Bangalore,Electronic City,user108@example.com
109,Sakshi Bhatia,Chennai,Anna Nagar,user109@example.com
110,Aditya Tiwari,Pune,Shivaji Nagar,user110@example.com
111,Rohan Khanna,Ahmedabad,SG Highway,user111@example.com
112,Neha Arora,Hyderabad,Hitech City,user112@example.com
113,Vivek Saxena,Delhi,Dwarka Sector 10,user113@example.com
114,Priya Menon,Mumbai,Andheri West,user114@example.com
115,Ashok Yadav,Kolkata,Salt Lake City,user115@example.com
116,Siddharth Das,Bangalore,Electronic City,user116@example.com
117,Kiran Bhosale,Chennai,Anna Nagar,user117@example.com
118,Rajeev Reddy,Pune,Shivaji Nagar,user118@example.com
119,Sunita Sen,Ahmedabad,SG Highway,user119@example.com
120,Dhruv Pandey,Hyderabad,Hitech City,user120@example.com
121,Rajesh Kumar,Delhi,Dwarka Sector 10,user121@example.com
122,Anita Sharma,Mumbai,Andheri West,user122@example.com
123,Vikas Gupta,Kolkata,Salt Lake City,user123@example.com
124,Reema Kapoor,Bangalore,Electronic City,user124@example.com
125,Rahul Verma,Chennai,Anna Nagar,user125@example.com
126,Ramesh Gupta,Pune,Shivaji Nagar,user126@example.com
127,Amit Kumar,Ahmedabad,SG Highway,user127@example.com
128,Pooja Mehta,Hyderabad,Hitech City,user128@example.com
129,Sanjay Patel,Delhi,Dwarka Sector 10,user129@example.com
130,Nikhil Rao,Mumbai,Andheri West,user130@example.com
131,Sonali Das,Kolkata,Salt Lake City,user131@example.com
132,Deepak Singh,Bangalore,Electronic City,user132@example.com
133,Swati Jain,Chennai,Anna Nagar,user133@example.com
134,Arjun Malhotra,Pune,Shivaji Nagar,user134@example.com
135,Meera Joshi,Ahmedabad,SG Highway,user135@example.com
136,Kabir Nair,Hyderabad,Hitech City,user136@example.com
137,Tina D'Souza,Delhi,Dwarka Sector 10,user137@example.com
138,Gautam Mishra,Mumbai,Andheri West,user138@example.com
139,Sakshi Bhatia,Kolkata,Salt Lake City,user139@example.com
140,Aditya Tiwari,Bangalore,Electronic City,user140@example.com
141,Rohan Khanna,Chennai,Anna Nagar,user141@example.com
142,Neha Arora,Pune,Shivaji Nagar,user142@example.com
143,Vivek Saxena,Ahmedabad,SG Highway,user143@example.com
144,Priya Menon,Hyderabad,Hitech City,user144@example.com
145,Ashok Yadav,Delhi,Dwarka Sector 10,user145@example.com
146,Siddharth Das,Mumbai,Andheri West,user146@example.com
147,Kiran Bhosale,Kolkata,Salt Lake City,user147@example.com
148,Rajeev Reddy,Bangalore,Electronic City,user148@example.com
149,Sunita Sen,Chennai,Anna Nagar,user149@example.com
150,Dhruv Pandey,Pune,Shivaji Nagar,user150@example.com
151,Rajesh Kumar,Ahmedabad,SG Highway,user151@example.com
152,Anita Sharma,Hyderabad,Hitech City,user152@example.com
153,Vikas Gupta,Delhi,Dwarka Sector 10,user153@example.com
154,Reema Kapoor,Mumbai,Andheri West,user154@example.com
155,Rahul Verma,Kolkata,Salt Lake City,user155@example.com
156,Ramesh Gupta,Bangalore,Electronic City,user156@example.com
157,Amit Kumar,Chennai,Anna Nagar,user157@example.com
158,Pooja Mehta,Pune,Shivaji Nagar,user158@example.com
159,Sanjay Patel,Ahmedabad,SG Highway,user159@example.com
160,Nikhil Rao,Hyderabad,Hitech City,user160@example.com
161,Sonali Das,Delhi,Dwarka Sector 10,user161@example.com
162,Deepak Singh,Mumbai,Andheri West,user162@example.com
163,Swati Jain,Kolkata,Salt Lake City,user163@example.com
164,Arjun Malhotra,Bangalore,Electronic City,user164@example.com
165,Meera Joshi,Chennai,Anna Nagar,user165@example.com
166,Kabir Nair,Pune,Shivaji Nagar,user166@example.com
167,Tina D'Souza,Ahmedabad,SG Highway,user167@example.com
168,Gautam Mishra,Hyderabad,Hitech City,user168@example.com
169,Sakshi Bhatia,Delhi,Dwarka Sector 10,user169@example.com
170,Aditya Tiwari,Mumbai,Andheri West,user170@example.com
171,Rohan Khanna,Kolkata,Salt Lake City,user171@example.com
172,Neha Arora,Bangalore,Electronic City,user172@example.com
173,Vivek Saxena,Chennai,Anna Nagar,user173@example.com
174,Priya Menon,Pune,Shivaji Nagar,user174@example.com
175,Ashok Yadav,Ahmedabad,SG Highway,user175@example.com
176,Siddharth Das,Hyderabad,Hitech City,user176@example.com
177,Kiran Bhosale,Delhi,Dwarka Sector 10,user177@example.com
178,Rajeev Reddy,Mumbai,Andheri West,user178@example.com
179,Sunita Sen,Kolkata,Salt Lake City,user179@example.com
180,Dhruv Pandey,Bangalore,Electronic City,user180@example.com
181,Rajesh Kumar,Chennai,Anna Nagar,user181@example.com
182,Anita Sharma,Pune,Shivaji Nagar,user182@example.com
183,Vikas Gupta,Ahmedabad,SG Highway,user183@example.com
184,Reema Kapoor,Hyderabad,Hitech City,user184@example.com
185,Rahul Verma,Delhi,Dwarka Sector 10,user185@example.com
186,Ramesh Gupta,Mumbai,Andheri West,user186@example.com
187,Amit Kumar,Kolkata,Salt Lake City,user187@example.com
188,Pooja Mehta,Bangalore,Electronic City,user188@example.com
189,Sanjay Patel,Chennai,Anna Nagar,user189@example.com
190,Nikhil Rao,Pune,Shivaji Nagar,user190@example.com
191,Sonali Das,Ahmedabad,SG Highway,user191@example.com
192,Deepak Singh,Hyderabad,Hitech City,user192@example.com
193,Swati Jain,Delhi,Dwarka Sector 10,user193@example.com
194,Arjun Malhotra,Mumbai,Andheri West,user194@example.com
195,Meera Joshi,Kolkata,Salt Lake City,user195@example.com
196,Kabir Nair,Bangalore,Electronic City,user196@example.com
197,Tina D'Souza,Chennai,Anna Nagar,user197@example.com
198,Gautam Mishra,Pune,Shivaji Nagar,user198@example.com
199,Sakshi Bhatia,Ahmedabad,SG Highway,user199@example.com
200,Aditya Tiwari,Hyderabad,Hitech City,user200@example.com
201,Rohan Khanna,Delhi,Dwarka Sector 10,user201@example.com
202,Neha Arora,Mumbai,Andheri West,user202@example.com
203,Vivek Saxena,Kolkata,Salt Lake City,user203@example.com
204,Priya Menon,Bangalore,Electronic City,user204@example.com
205,Ashok Yadav,Chennai,Anna Nagar,user205@example.com
206,Siddharth Das,Pune,Shivaji Nagar,user206@example.com
207,Kiran Bhosale,Ahmedabad,SG Highway,user207@example.com
208,Rajeev Reddy,Hyderabad,Hitech City,user208@example.com
209,Sunita Sen,Delhi,Dwarka Sector 10,user209@example.com
210,Dhruv Pandey,Mumbai,Andheri West,user210@example.com
211,Rajesh Kumar,Kolkata,Salt Lake City,user211@example.com
212,Anita Sharma,Bangalore,Electronic City,user212@example.com
213,Vikas Gupta,Chennai,Anna Nagar,user213@example.com
214,Reema Kapoor,Pune,Shivaji Nagar,user214@example.com
215,Rahul Verma,Ahmedabad,SG Highway,user215@example.com
216,Ramesh Gupta,Hyderabad,Hitech City,user216@example.com
217,Amit Kumar,Delhi,Dwarka Sector 10,user217@example.com
218,Pooja Mehta,Mumbai,Andheri West,user218@example.com
219,Sanjay Patel,Kolkata,Salt Lake City,user219@example.com
220,Nikhil Rao,Bangalore,Electronic City,user220@example.com
221,Sonali Das,Chennai,Anna Nagar,user221@example.com
222,Deepak Singh,Pune,Shivaji Nagar,user222@example.com
223,Swati Jain,Ahmedabad,SG Highway,user223@example.com
224,Arjun Malhotra,Hyderabad,Hitech City,user224@example.com
225,Meera Joshi,Delhi,Dwarka Sector 10,user225@example.com
226,Kabir Nair,Mumbai,Andheri West,user226@example.com
227,Tina D'Souza,Kolkata,Salt Lake City,user227@example.com
228,Gautam Mishra,Bangalore,Electronic City,user228@example.com
229,Sakshi Bhatia,Chennai,Anna Nagar,user229@example.com
230,Aditya Tiwari,Pune,Shivaji Nagar,user230@example.com
231,Rohan Khanna,Ahmedabad,SG Highway,user231@example.com
232,Neha Arora,Hyderabad,Hitech City,user232@example.com
233,Vivek Saxena,Delhi,Dwarka Sector 10,user233@example.com
234,Priya Menon,Mumbai,Andheri West,user234@example.com
235,Ashok Yadav,Kolkata,Salt Lake City,user235@example.com
236,Siddharth Das,Bangalore,Electronic City,user236@example.com
237,Kiran Bhosale,Chennai,Anna Nagar,user237@example.com
238,Rajeev Reddy,Pune,Shivaji Nagar,user238@example.com
239,Sunita Sen,Ahmedabad,SG Highway,user239@example.com
240,Dhruv Pandey,Hyderabad,Hitech City,user240@example.com
241,Rajesh Kumar,Delhi,Dwarka Sector 10,user241@example.com
242,Anita Sharma,Mumbai,Andheri West,user242@example.com
243,Vikas Gupta,Kolkata,Salt Lake City,user243@example.com
244,Reema Kapoor,Bangalore,Electronic City,user244@example.com
245,Rahul Verma,Chennai,Anna Nagar,user245@example.com
246,Ramesh Gupta,Pune,Shivaji Nagar,user246@example.com
247,Amit Kumar,Ahmedabad,SG Highway,user247@example.com
248,Pooja Mehta,Hyderabad,Hitech City,user248@example.com
249,Sanjay Patel,Delhi,Dwarka Sector 10,user249@example.com
250,Nikhil Rao,Mumbai,Andheri West,user250@example.com
251,Sonali Das,Kolkata,Salt Lake City,user251@example.com
252,Deepak Singh,Bangalore,Electronic City,user252@example.com
253,Swati Jain,Chennai,Anna Nagar,user253@example.com
254,Arjun Malhotra,Pune,Shivaji Nagar,user254@example.com
255,Meera Joshi,Ahmedabad,SG Highway,user255@example.com
256,Kabir Nair,Hyderabad,Hitech City,user256@example.com
257,Tina D'Souza,Delhi,Dwarka Sector 10,user257@example.com
258,Gautam Mishra,Mumbai,Andheri West,user258@example.com
259,Sakshi Bhatia,Kolkata,Salt Lake City,user259@example.com
260,Aditya Tiwari,Bangalore,Electronic City,user260@example.com
261,Rohan Khanna,Chennai,Anna Nagar,user261@example.com
262,Neha Arora,Pune,Shivaji Nagar,user262@example.com
263,Vivek Saxena,Ahmedabad,SG Highway,user263@example.com
264,Priya Menon,Hyderabad,Hitech City,user264@example.com
265,Ashok Yadav,Delhi,Dwarka Sector 10,user265@example.com
266,Siddharth Das,Mumbai,Andheri West,user266@example.com
267,Kiran Bhosale,Kolkata,Salt Lake City,user267@example.com
268,Rajeev Reddy,Bangalore,Electronic City,user268@example.com
269,Sunita Sen,Chennai,Anna Nagar,user269@example.com
270,Dhruv Pandey,Pune,Shivaji Nagar,user270@example.com
271,Rajesh Kumar,Ahmedabad,SG Highway,user271@example.com
272,Anita Sharma,Hyderabad,Hitech City,user272@example.com
273,Vikas Gupta,Delhi,Dwarka Sector 10,user273@example.com
274,Reema Kapoor,Mumbai,Andheri West,user274@example.com
275,Rahul Verma,Kolkata,Salt Lake City,user275@example.com
276,Ramesh Gupta,Bangalore,Electronic City,user276@example.com
277,Amit Kumar,Chennai,Anna Nagar,user277@example.com
278,Pooja Mehta,Pune,Shivaji Nagar,user278@example.com
279,Sanjay Patel,Ahmedabad,SG Highway,user279@example.com
280,Nikhil Rao,Hyderabad,Hitech City,user280@example.com
281,Sonali Das,Delhi,Dwarka Sector 10,user281@example.com
282,Deepak Singh,Mumbai,Andheri West,user282@example.com
283,Swati Jain,Kolkata,Salt Lake City,user283@example.com
284,Arjun Malhotra,Bangalore,Electronic City,user284@example.com
285,Meera Joshi,Chennai,Anna Nagar,user285@example.com
286,Kabir Nair,Pune,Shivaji Nagar,user286@example.com
287,Tina D'Souza,Ahmedabad,SG Highway,user287@example.com
288,Gautam Mishra,Hyderabad,Hitech City,user288@example.com
289,Sakshi Bhatia,Delhi,Dwarka Sector 10,user289@example.com
290,Aditya Tiwari,Mumbai,Andheri West,user290@example.com
291,Rohan Khanna,Kolkata,Salt Lake City,user291@example.com
292,Neha Arora,Bangalore,Electronic City,user292@example.com
293,Vivek Saxena,Chennai,Anna Nagar,user293@example.com
294,Priya Menon,Pune,Shivaji Nagar,user294@example.com
295,Ashok Yadav,Ahmedabad,SG Highway,user295@example.com
296,Siddharth Das,Hyderabad,Hitech City,user296@example.com
297,Kiran Bhosale,Delhi,Dwarka Sector 10,user297@example.com
298,Rajeev Reddy,Mumbai,Andheri West,user298@example.com
299,Sunita Sen,Kolkata,Salt Lake City,user299@example.com
300,Dhruv Pandey,Bangalore,Electronic City,user300@example.com
301,Rajesh Kumar,Chennai,Anna Nagar,user301@example.com
302,Anita Sharma,Pune,Shivaji Nagar,user302@example.com
303,Vikas Gupta,Ahmedabad,SG Highway,user303@example.com
304,Reema Kapoor,Hyderabad,Hitech City,user304@example.com
305,Rahul Verma,Delhi,Dwarka Sector 10,user305@example.com
306,Ramesh Gupta,Mumbai,Andheri West,user306@example.com
307,Amit Kumar,Kolkata,Salt Lake City,user307@example.com
308,Pooja Mehta,Bangalore,Electronic City,user308@example.com
309,Sanjay Patel,Chennai,Anna Nagar,user309@example.com
310,Nikhil Rao,Pune,Shivaji Nagar,user310@example.com
311,Sonali Das,Ahmedabad,SG Highway,user311@example.com
312,Deepak Singh,Hyderabad,Hitech City,user312@example.com
313,Swati Jain,Delhi,Dwarka Sector 10,user313@example.com
314,Arjun Malhotra,Mumbai,Andheri West,user314@example.com
315,Meera Joshi,Kolkata,Salt Lake City,user315@example.com
316,Kabir Nair,Bangalore,Electronic City,user316@example.com
317,Tina D'Souza,Chennai,Anna Nagar,user317@example.com
318,Gautam Mishra,Pune,Shivaji Nagar,user318@example.com
319,Sakshi Bhatia,Ahmedabad,SG Highway,user319@example.com
320,Aditya Tiwari,Hyderabad,Hitech City,user320@example.com
